Charge,Pair,First peak r,First peak g(r),Second peak r,Second peak g(r),N peaks
8,1-1,11.625,2.508126315789474,14.625,1.0022112807017542,69
8,1-2,5.875,4.282055438596491,16.875,1.0771068421052632,29
8,2-2,1.625,5.294822105263158,5.875,1.2338892982456142,50
10,1-1,11.625,3.6736135087719295,15.875,0.8871680877192983,41
10,1-2,5.875,5.711383684210527,16.625,1.1990392982456142,41
10,2-2,1.625,5.33612350877193,4.625,1.1358080701754385,69
12,1-1,11.375,5.868560701754386,16.125,0.9013199824561403,35
12,1-2,5.875,7.1344450877193,16.375,1.4803466666666667,29
12,2-2,1.625,5.425909473684211,4.125,1.477989298245614,69
14,1-1,11.375,7.38442350877193,14.625,0.9495414035087718,51
14,1-2,5.625,8.461015438596492,16.375,1.675941052631579,35
14,2-2,1.625,5.547172105263158,2.375,1.6762970175438596,79
16,1-1,11.125,8.431070350877192,14.125,0.9422247719298248,57
16,1-2,5.625,9.423061578947369,11.375,1.3403975438596494,50
16,2-2,1.625,5.7026738596491215,2.375,1.9938636842105264,79
18,1-1,11.125,8.994691052631579,15.375,0.9184104035087719,50
18,1-2,5.625,9.963873684210526,11.375,1.2581728070175437,50
18,2-2,1.625,5.901762105263159,2.375,2.3340985964912284,79
20,1-1,11.125,8.878518771929823,15.375,0.9044027894736842,54
20,1-2,5.625,10.132626491228068,11.375,1.135812807017544,50
20,2-2,1.625,6.127222280701755,2.375,2.6419164912280704,79
24,1-1,10.875,7.220968771929825,17.625,0.9881840350877193,78
24,1-2,5.375,10.563984210526316,15.875,1.2349731578947367,41
24,2-2,1.625,6.563091754385965,5.375,2.223378771929825,59
