Charge,Replica,DG vol (dense),Micelle vol (dense),DG/Micelle ratio,Coacervate frac,Supernatant frac,Transition frac,DG phi (coacervate),DG phi (supernatant),Micelle phi (coacervate),Micelle phi (supernatant),low dens DG,high dens DG,low dens micelle,high dens micelle,DG blocks used,Micelle blocks used,Dense bins used,Dilute bins used,Lbox
8,2.0,0.8812907686589876,20.67398152665497,0.042638190205428333,0.3333333333333333,0.5,0.16666666666666666,0.008812907686589906,0.008002600820153511,0.20673981526655041,0.1827898202677327,0.010189227824949494,0.011220942570666748,0.00034910284130986526,0.00039484396240292144,198.0,198.0,334.0,500.0,299.999999999999
9,2.0,0.9732658550934352,23.063618330463967,0.04220884000607291,0.3333333333333333,0.5,0.16666666666666666,0.009732658550934385,0.007231101042362124,0.23063618330464045,0.1622935819366085,0.009206923799111111,0.012392005742454484,0.0003099579095676094,0.0004404826635453839,198.0,198.0,334.0,500.0,299.999999999999
10,2.0,1.0514162312178457,24.682683445129925,0.04259727401267325,0.3333333333333333,0.5,0.16666666666666666,0.010514162312178494,0.006572748551670681,0.24682683445130013,0.14865825177183245,0.008368683373587878,0.013387047235629751,0.0002839163472106397,0.0004714045294877921,198.0,198.0,334.0,500.0,299.999999999999
11,2.0,1.1443193577853588,26.157299353296313,0.043735598356048594,0.3333333333333333,0.5,0.16666666666666666,0.011443193577853625,0.005535871649958182,0.26157299353296404,0.12950434394915164,0.0070484906993050515,0.014569926581382689,0.00024733507789656567,0.0004995676188013872,198.0,198.0,334.0,500.0,299.999999999999
12,2.0,1.3104168531842812,29.31279144699846,0.0447043069304808,0.3333333333333333,0.5,0.16666666666666666,0.013104168531842856,0.0042549903677535595,0.2931279144699856,0.10443243165031546,0.005417621998691044,0.016684745575616444,0.0001994512525950505,0.0005598330785533983,198.0,198.0,334.0,500.0,299.999999999999
13,2.0,1.3357096153807237,29.651449790241923,0.04501485689121609,0.3333333333333333,0.5,0.16666666666666666,0.01335709615380728,0.004340449959478416,0.2965144979024202,0.10820850514493174,0.005526432530352054,0.017006783025857376,0.0002066630217408081,0.0005663009764749794,198.0,198.0,334.0,500.0,299.999999999999
14,2.0,1.3912517098188273,30.45337183679708,0.04565277620866698,0.3333333333333333,0.5,0.16666666666666666,0.01391251709818832,0.0032982587364414526,0.30453371836797183,0.08909864670201245,0.004199473452005488,0.017713966936217462,0.00017016588054508415,0.000581616559397014,198.0,198.0,334.0,500.0,299.999999999999
15,2.0,1.502581587847697,32.508287651690914,0.04620667044736559,0.3333333333333333,0.5,0.16666666666666666,0.015025815878477018,0.0024852045283629705,0.32508287651691026,0.07549435020421001,0.003164260682266633,0.01913146296838646,0.00014418358812612797,0.000620862560546382,198.0,198.0,334.0,500.0,299.999999999999
16,2.0,1.5493242523575386,32.90470144859706,0.0470776977203331,0.3333333333333333,0.5,0.16666666666666666,0.015493242523575437,0.0023621151319178197,0.3290470144859717,0.07534093343253967,0.0030075383951750838,0.019726609057188652,0.00014389058367535353,0.0006284335063808746,198.0,198.0,334.0,500.0,299.999999999999
17,2.0,1.498710153530575,31.67152997028204,0.04728554136479041,0.3333333333333333,0.5,0.16666666666666666,0.0149871015353058,0.0026648101574534093,0.3167152997028215,0.08432220377237139,0.003392941671681616,0.019082170335712415,0.00016104354651329966,0.0006048816660064216,198.0,198.0,334.0,500.0,299.999999999999
18,2.0,1.5222589457168036,30.919505365473317,0.04922815768751678,0.3333333333333333,0.5,0.16666666666666666,0.015222589457168088,0.003360472673174649,0.30919505365473426,0.10503180507584871,0.004278686696487845,0.019382002870134984,0.00020059597151622896,0.0005905190540245771,198.0,198.0,334.0,500.0,299.999999999999
19,2.0,1.3913871156953792,28.862324200627285,0.04814773755372747,0.3333333333333333,0.5,0.16666666666666666,0.013913871156953838,0.0037756657440191064,0.2886232420062738,0.11321687135230418,0.004807326932987036,0.017715690977383618,0.00021622829660542087,0.0005512297878780822,198.0,198.0,334.0,500.0,299.999999999999
20,2.0,1.3951009833066765,28.6823197659008,0.048613427601670735,0.3333333333333333,0.5,0.16666666666666666,0.013951009833066816,0.004646472270683853,0.286823197659009,0.12905141944897874,0.005916072238550067,0.01776297740844977,0.00024647005581996637,0.0005477919564102603,198.0,198.0,334.0,500.0,299.999999999999
21,2.0,1.385737338022419,27.788733214400697,0.04975449107047475,0.3333333333333333,0.5,0.16666666666666666,0.013857373380224238,0.004396808423953135,0.2778873321440079,0.13006476884698318,0.005598190356001819,0.01764375577386187,0.0002484054106092256,0.0005307257104000585,198.0,198.0,334.0,500.0,299.999999999999
22,2.0,1.312711891833078,26.43889194061711,0.04963364347144217,0.3333333333333333,0.5,0.16666666666666666,0.013127118918330826,0.0049178076100499235,0.264388919406172,0.14138769204510285,0.006261547122515084,0.016713966915259882,0.00027003060097599324,0.0005049456410666041,198.0,198.0,334.0,500.0,299.999999999999
23,2.0,1.3507199226141877,26.315597358804713,0.051315601400091775,0.3333333333333333,0.5,0.16666666666666666,0.013507199226141924,0.004880682738634235,0.26315597358804804,0.14533251510060305,0.00621427826813542,0.017197900193340086,0.000277564658042862,0.0005025908880083771,198.0,198.0,334.0,500.0,299.999999999999
24,2.0,1.0921120886233282,22.491683138613496,0.048536919605451,0.3333333333333333,0.5,0.16666666666666666,0.010921120886233317,0.005945887755482225,0.22491683138613572,0.16234441383919507,0.007570539418836566,0.013905202985185388,0.0003100549913503704,0.00042955950599603824,198.0,198.0,334.0,500.0,299.999999999999
25,2.0,1.1613184917355428,23.207735301260414,0.0500255918217645,0.3333333333333333,0.5,0.16666666666666666,0.011613184917355468,0.005629336810425934,0.23207735301260493,0.16158815762182455,0.00716749423766761,0.014786366277098936,0.0003086106483675084,0.00044323509493966615,198.0,198.0,334.0,500.0,299.999999999999
26,2.0,1.0301253041844036,21.640349070852,0.047591061783364697,0.3333333333333333,0.5,0.16666666666666666,0.010301253041844071,0.006863365177890803,0.21640349070852075,0.17575203626758198,0.008738707954448857,0.013115962733199255,0.0003356616639654209,0.0004133002229832255,198.0,198.0,334.0,500.0,299.999999999999
27,2.0,1.0751450375090288,21.994255548187198,0.048879896064361446,0.3333333333333333,0.5,0.16666666666666666,0.010751450375090324,0.006568650380130822,0.21994255548187272,0.17435244792222862,0.008363465419522223,0.013689171780822698,0.00033298864712393933,0.0004200593388144418,198.0,198.0,334.0,500.0,299.999999999999
28,2.0,0.9880716894501296,20.76387024362886,0.047585649892274186,0.3333333333333333,0.5,0.16666666666666666,0.00988071689450133,0.006992778552896622,0.20763870243628926,0.18179522332180634,0.008903482181123907,0.012580519480411903,0.00034720330106592596,0.00039656071043907135,198.0,198.0,334.0,500.0,299.999999999999
